F578	0
F580	0
F657	0
F658	0
F684	0
F687	0
F934	0
F948	0
F954	0
G085	0
G102	0
H034	0
H320	0
H346	0
H348	0
H361	0
H382	0
H520	0
H533	0
H540	0
H541	0
H579	0
H624	0
H636	0
H637	0
H639	0
H640	0
H642	0
H665	0
H672	0
H677	0
H681	0
H682	0
H697	1
H698	0
H703	0
H706	0
H707	0
H709	0
H710	0
H729	1
H730	1
H740	1
H742	1
H754	1
H765	1
H771	1
H778	1
H784	1
H800	1
H806	1
H810	1
H811	1
H812	1
H813	1
H814	0
H834	0
H851	1
H852	1
H877	1
H902	1
H911	1
H915	1
H920	1
I075	1
I112	1
I120	1
I182	1
I187	1
I188	1
I223	1
I228	1
I238	1
I259	1
I323	1
I372	1
I373	1
I387	1
I420	1
I439	1
I462	1
I598	1
I602	1
I623	1
I692	1
I705	1
I730	1
I752	1
I763	1
I859	1
I892	0
I896	0
I915	0
I944	1
I945	1
I955	1
I958	1
I975	1
I998	1
J018	1
J022	1
J024	1
J038	1
J066	1
J076	1
J077	1
J085	1
J139	1
J184	1
J185	1
J234	1
